{
  "IcoMoonType": "selection",
  "icons": [
    {
      "icon": {
        "paths": [
          "M534 726v-32q0-44-66-70t-126-26-126 26-66 70v32h384zM342 330q-38 0-67 29t-29 67 29 67 67 29 67-29 29-67-29-67-67-29zM598 214q18 0 30 12t12 30v512q0 18-12 30t-30 12h-512q-18 0-31-12t-13-30v-512q0-18 13-30t31-12h512zM726 810v-596h84v596h-84zM896 214h86v596h-86v-596z"
        ],
        "attrs": [],
        "isMulticolor": false,
        "isMulticolor2": false,
        "tags": [
          "recent_actors"
        ],
        "grid": 24
      },
      "attrs": [],
      "properties": {
        "ligatures": "recent_actors",
        "id": 34,
        "order": 34,
        "prevSize": 24,
        "name": "recent_actors"
      },
      "setIdx": 0,
      "setId": 3,
      "iconIdx": 34
    },
    {
      "icon": {
        "paths": [
          "M512 618l256-192-256-192v384zM854 86q34 0 59 25t25 59v512q0 34-25 60t-59 26h-512q-34 0-60-26t-26-60v-512q0-34 26-59t60-25h512zM170 256v598h598v84h-598q-34 0-59-25t-25-59v-598h84z"
        ],
        "attrs": [],
        "isMulticolor": false,
        "isMulticolor2": false,
        "tags": [
          "video_library"
        ],
        "grid": 24
      },
      "attrs": [],
      "properties": {
        "ligatures": "video_library",
        "id": 45,
        "order": 30,
        "prevSize": 24,
        "name": "video_library"
      },
      "setIdx": 0,
      "setId": 3,
      "iconIdx": 45
    },
    {
      "icon": {
        "paths": [
          "M896 426q34 0 60 26t26 60h-2v214q0 34-25 59t-59 25h-214v86h-340v-86h-214q-34 0-60-25t-26-59v-512q0-34 26-60t60-26h768q34 0 60 26t26 60v128h-86v-128h-768v512h768v-214h-342v128l-170-170 170-172v128h342z"
        ],
        "attrs": [],
        "isMulticolor": false,
        "isMulticolor2": false,
        "tags": [
          "reset_tv"
        ],
        "grid": 24
      },
      "attrs": [],
      "properties": {
        "ligatures": "reset_tv",
        "id": 1021,
        "order": 26,
        "prevSize": 24,
        "name": "reset_tv"
      },
      "setIdx": 0,
      "setId": 3,
      "iconIdx": 1021
    },
    {
      "icon": {
        "paths": [
          "M731.429 799.429c0 83.429-54.857 151.429-121.714 151.429h-488c-66.857 0-121.714-68-121.714-151.429 0-150.286 37.143-324 186.857-324 46.286 45.143 109.143 73.143 178.857 73.143s132.571-28 178.857-73.143c149.714 0 186.857 173.714 186.857 324zM585.143 292.571c0 121.143-98.286 219.429-219.429 219.429s-219.429-98.286-219.429-219.429 98.286-219.429 219.429-219.429 219.429 98.286 219.429 219.429z"
        ],
        "width": 731.4285714285713,
        "attrs": [],
        "isMulticolor": false,
        "isMulticolor2": false,
        "tags": [
          "user"
        ],
        "defaultCode": 61447,
        "grid": 14
      },
      "attrs": [],
      "properties": {
        "name": "user",
        "id": 11,
        "order": 29,
        "prevSize": 28
      },
      "setIdx": 1,
      "setId": 2,
      "iconIdx": 11
    },
    {
      "icon": {
        "paths": [
          "M954.857 323.429c0 14.286-5.714 28.571-16 38.857l-491.429 491.429c-10.286 10.286-24.571 16-38.857 16s-28.571-5.714-38.857-16l-284.571-284.571c-10.286-10.286-16-24.571-16-38.857s5.714-28.571 16-38.857l77.714-77.714c10.286-10.286 24.571-16 38.857-16s28.571 5.714 38.857 16l168 168.571 374.857-375.429c10.286-10.286 24.571-16 38.857-16s28.571 5.714 38.857 16l77.714 77.714c10.286 10.286 16 24.571 16 38.857z"
        ],
        "width": 1024,
        "attrs": [],
        "isMulticolor": false,
        "isMulticolor2": false,
        "tags": [
          "check"
        ],
        "defaultCode": 61452,
        "grid": 14
      },
      "attrs": [],
      "properties": {
        "name": "check",
        "id": 16,
        "order": 43,
        "prevSize": 28
      },
      "setIdx": 1,
      "setId": 2,
      "iconIdx": 16
    },
    {
      "icon": {
        "paths": [
          "M741.714 755.429c0 14.286-5.714 28.571-16 38.857l-77.714 77.714c-10.286 10.286-24.571 16-38.857 16s-28.571-5.714-38.857-16l-168-168-168 168c-10.286 10.286-24.571 16-38.857 16s-28.571-5.714-38.857-16l-77.714-77.714c-10.286-10.286-16-24.571-16-38.857s5.714-28.571 16-38.857l168-168-168-168c-10.286-10.286-16-24.571-16-38.857s5.714-28.571 16-38.857l77.714-77.714c10.286-10.286 24.571-16 38.857-16s28.571 5.714 38.857 16l168 168 168-168c10.286-10.286 24.571-16 38.857-16s28.571 5.714 38.857 16l77.714 77.714c10.286 10.286 16 24.571 16 38.857s-5.714 28.571-16 38.857l-168 168 168 168c10.286 10.286 16 24.571 16 38.857z"
        ],
        "width": 804.5714285714286,
        "attrs": [],
        "isMulticolor": false,
        "isMulticolor2": false,
        "tags": [
          "close",
          "remove",
          "times"
        ],
        "defaultCode": 61453,
        "grid": 14
      },
      "attrs": [],
      "properties": {
        "name": "close, remove, times",
        "id": 17,
        "order": 38,
        "prevSize": 28
      },
      "setIdx": 1,
      "setId": 2,
      "iconIdx": 17
    },
    {
      "icon": {
        "paths": [
          "M804.571 566.857v274.286c0 20-16.571 36.571-36.571 36.571h-219.429v-219.429h-146.286v219.429h-219.429c-20 0-36.571-16.571-36.571-36.571v-274.286c0-1.143 0.571-2.286 0.571-3.429l328.571-270.857 328.571 270.857c0.571 1.143 0.571 2.286 0.571 3.429zM932 527.429l-35.429 42.286c-2.857 3.429-7.429 5.714-12 6.286h-1.714c-4.571 0-8.571-1.143-12-4l-395.429-329.714-395.429 329.714c-4 2.857-8.571 4.571-13.714 4-4.571-0.571-9.143-2.857-12-6.286l-35.429-42.286c-6.286-7.429-5.143-19.429 2.286-25.714l410.857-342.286c24-20 62.857-20 86.857 0l139.429 116.571v-111.429c0-10.286 8-18.286 18.286-18.286h109.714c10.286 0 18.286 8 18.286 18.286v233.143l125.143 104c7.429 6.286 8.571 18.286 2.286 25.714z"
        ],
        "width": 950.8571428571428,
        "attrs": [],
        "isMulticolor": false,
        "isMulticolor2": false,
        "tags": [
          "home"
        ],
        "defaultCode": 61461,
        "grid": 14
      },
      "attrs": [],
      "properties": {
        "name": "home",
        "id": 24,
        "order": 39,
        "prevSize": 28
      },
      "setIdx": 1,
      "setId": 2,
      "iconIdx": 24
    },
    {
      "icon": {
        "paths": [
          "M804.571 565.143v148c0 90.857-73.714 164.571-164.571 164.571h-475.429c-90.857 0-164.571-73.714-164.571-164.571v-475.429c0-90.857 73.714-164.571 164.571-164.571h145.714c9.714 0 18.286 8 18.286 18.286 0 9.143-6.286 16.571-14.857 18.286-28.571 9.714-54.286 21.143-76 34.286-2.857 1.143-5.714 2.286-9.143 2.286h-64c-50.286 0-91.429 41.143-91.429 91.429v475.429c0 50.286 41.143 91.429 91.429 91.429h475.429c50.286 0 91.429-41.143 91.429-91.429v-122.286c0-6.857 4-13.143 10.286-16.571 11.429-5.143 21.714-12.571 30.857-21.143 5.143-5.143 13.143-7.429 20-4.571s12 9.143 12 16.571zM940 281.714l-219.429 219.429c-6.857 7.429-16 10.857-25.714 10.857-4.571 0-9.714-1.143-14.286-2.857-13.143-5.714-22.286-18.857-22.286-33.714v-109.714h-91.429c-125.714 0-205.714 24-250.286 74.857-46.286 53.143-60 138.857-42.286 270.286 1.143 8-4 16-11.429 19.429-2.286 0.571-4.571 1.143-6.857 1.143-5.714 0-11.429-2.857-14.857-7.429-4-5.714-94.857-134.286-94.857-248.571 0-153.143 48-329.143 420.571-329.143h91.429v-109.714c0-14.857 9.143-28 22.286-33.714 4.571-1.714 9.714-2.857 14.286-2.857 9.714 0 18.857 4 25.714 10.857l219.429 219.429c14.286 14.286 14.286 37.143 0 51.429z"
        ],
        "width": 954.2948571428572,
        "attrs": [],
        "isMulticolor": false,
        "isMulticolor2": false,
        "tags": [
          "share-square-o"
        ],
        "defaultCode": 61509,
        "grid": 14
      },
      "attrs": [],
      "properties": {
        "name": "share-square-o",
        "id": 69,
        "order": 27,
        "prevSize": 28
      },
      "setIdx": 1,
      "setId": 2,
      "iconIdx": 69
    },
    {
      "icon": {
        "paths": [
          "M585.143 786.286v-91.429c0-10.286-8-18.286-18.286-18.286h-54.857v-292.571c0-10.286-8-18.286-18.286-18.286h-182.857c-10.286 0-18.286 8-18.286 18.286v91.429c0 10.286 8 18.286 18.286 18.286h54.857v182.857h-54.857c-10.286 0-18.286 8-18.286 18.286v91.429c0 10.286 8 18.286 18.286 18.286h256c10.286 0 18.286-8 18.286-18.286zM512 274.286v-91.429c0-10.286-8-18.286-18.286-18.286h-109.714c-10.286 0-18.286 8-18.286 18.286v91.429c0 10.286 8 18.286 18.286 18.286h109.714c10.286 0 18.286-8 18.286-18.286zM877.714 512c0 242.286-196.571 438.857-438.857 438.857s-438.857-196.571-438.857-438.857 196.571-438.857 438.857-438.857 438.857 196.571 438.857 438.857z"
        ],
        "width": 877.7142857142857,
        "attrs": [],
        "isMulticolor": false,
        "isMulticolor2": false,
        "tags": [
          "info-circle"
        ],
        "defaultCode": 61530,
        "grid": 14
      },
      "attrs": [],
      "properties": {
        "name": "info-circle",
        "id": 89,
        "order": 37,
        "prevSize": 28
      },
      "setIdx": 1,
      "setId": 2,
      "iconIdx": 89
    },
    {
      "icon": {
        "paths": [
          "M950.857 548.571c-54.286-84-128.571-156-217.714-201.714 22.857 38.857 34.857 83.429 34.857 128.571 0 141.143-114.857 256-256 256s-256-114.857-256-256c0-45.143 12-89.714 34.857-128.571-89.143 45.714-163.429 117.714-217.714 201.714 97.714 150.857 255.429 256 438.857 256s341.143-105.143 438.857-256zM539.429 329.143c0-14.857-12.571-27.429-27.429-27.429-95.429 0-173.714 78.286-173.714 173.714 0 14.857 12.571 27.429 27.429 27.429s27.429-12.571 27.429-27.429c0-65.143 53.714-118.857 118.857-118.857 14.857 0 27.429-12.571 27.429-27.429zM1024 548.571c0 14.286-4.571 27.429-11.429 39.429-105.143 173.143-297.714 289.714-500.571 289.714s-395.429-117.143-500.571-289.714c-6.857-12-11.429-25.143-11.429-39.429s4.571-27.429 11.429-39.429c105.143-172.571 297.714-289.714 500.571-289.714s395.429 117.143 500.571 289.714c6.857 12 11.429 25.143 11.429 39.429z"
        ],
        "width": 1024,
        "attrs": [],
        "isMulticolor": false,
        "isMulticolor2": false,
        "tags": [
          "eye"
        ],
        "defaultCode": 61550,
        "grid": 14
      },
      "attrs": [],
      "properties": {
        "name": "eye",
        "id": 105,
        "order": 24,
        "prevSize": 28
      },
      "setIdx": 1,
      "setId": 2,
      "iconIdx": 105
    },
    {
      "icon": {
        "paths": [
          "M512 512c0-80.571-65.714-146.286-146.286-146.286s-146.286 65.714-146.286 146.286 65.714 146.286 146.286 146.286 146.286-65.714 146.286-146.286zM950.857 804.571c0-40-33.143-73.143-73.143-73.143s-73.143 33.143-73.143 73.143c0 40.571 33.143 73.143 73.143 73.143 40.571 0 73.143-33.143 73.143-73.143zM950.857 219.429c0-40-33.143-73.143-73.143-73.143s-73.143 33.143-73.143 73.143c0 40.571 33.143 73.143 73.143 73.143 40.571 0 73.143-33.143 73.143-73.143zM731.429 460v105.714c0 7.429-5.714 16-13.143 17.143l-88.571 13.714c-4.571 14.857-10.857 29.143-18.286 43.429 16 22.857 33.143 44 51.429 65.714 2.286 3.429 4 6.857 4 11.429 0 4-1.143 8-4 10.857-11.429 15.429-75.429 85.143-92 85.143-4.571 0-8.571-1.714-12-4l-65.714-51.429c-14.286 7.429-28.571 13.143-44 17.714-2.857 29.143-5.714 60.571-13.143 88.571-2.286 8-9.143 13.714-17.143 13.714h-106.286c-8 0-16-6.286-17.143-14.286l-13.143-87.429c-14.857-4.571-29.143-10.857-42.857-17.714l-67.429 50.857c-2.857 2.857-7.429 4-11.429 4-4.571 0-8.571-1.714-12-4.571-14.857-13.714-82.286-74.857-82.286-91.429 0-4 1.714-7.429 4-10.857 16.571-21.714 33.714-42.857 50.286-65.143-8-15.429-14.857-30.857-20-46.857l-86.857-13.714c-8-1.143-13.714-8.571-13.714-16.571v-105.714c0-7.429 5.714-16 13.143-17.143l88.571-13.714c4.571-14.857 10.857-29.143 18.286-43.429-16-22.857-33.143-44-51.429-65.714-2.286-3.429-4-7.429-4-11.429s1.143-8 4-11.429c11.429-15.429 75.429-84.571 92-84.571 4.571 0 8.571 1.714 12 4l65.714 51.429c14.286-7.429 28.571-13.143 44-18.286 2.857-28.571 5.714-60 13.143-88 2.286-8 9.143-13.714 17.143-13.714h106.286c8 0 16 6.286 17.143 14.286l13.143 87.429c14.857 4.571 29.143 10.857 42.857 17.714l67.429-50.857c3.429-2.857 7.429-4 11.429-4 4.571 0 8.571 1.714 12 4.571 14.857 13.714 82.286 75.429 82.286 91.429 0 4-1.714 7.429-4 10.857-16.571 22.286-33.714 42.857-49.714 65.143 7.429 15.429 14.286 30.857 19.429 46.857l86.857 13.143c8 1.714 13.714 9.143 13.714 17.143zM1097.143 764.571v80c0 8.571-73.714 16.571-85.143 17.714-4.571 10.857-10.286 20.571-17.143 29.714 5.143 11.429 29.143 68.571 29.143 78.857 0 1.714-0.571 2.857-2.286 4-6.857 4-68 40.571-70.857 40.571-7.429 0-50.286-57.143-56-65.714-5.714 0.571-11.429 1.143-17.143 1.143s-11.429-0.571-17.143-1.143c-5.714 8.571-48.571 65.714-56 65.714-2.857 0-64-36.571-70.857-40.571-1.714-1.143-2.286-2.857-2.286-4 0-9.714 24-67.429 29.143-78.857-6.857-9.143-12.571-18.857-17.143-29.714-11.429-1.143-85.143-9.143-85.143-17.714v-80c0-8.571 73.714-16.571 85.143-17.714 4.571-10.286 10.286-20.571 17.143-29.714-5.143-11.429-29.143-69.143-29.143-78.857 0-1.143 0.571-2.857 2.286-4 6.857-3.429 68-40 70.857-40 7.429 0 50.286 56.571 56 65.143 5.714-0.571 11.429-1.143 17.143-1.143s11.429 0.571 17.143 1.143c16-22.286 33.143-44.571 52.571-64l3.429-1.143c2.857 0 64 36 70.857 40 1.714 1.143 2.286 2.857 2.286 4 0 10.286-24 67.429-29.143 78.857 6.857 9.143 12.571 19.429 17.143 29.714 11.429 1.143 85.143 9.143 85.143 17.714zM1097.143 179.429v80c0 8.571-73.714 16.571-85.143 17.714-4.571 10.857-10.286 20.571-17.143 29.714 5.143 11.429 29.143 68.571 29.143 78.857 0 1.714-0.571 2.857-2.286 4-6.857 4-68 40.571-70.857 40.571-7.429 0-50.286-57.143-56-65.714-5.714 0.571-11.429 1.143-17.143 1.143s-11.429-0.571-17.143-1.143c-5.714 8.571-48.571 65.714-56 65.714-2.857 0-64-36.571-70.857-40.571-1.714-1.143-2.286-2.857-2.286-4 0-9.714 24-67.429 29.143-78.857-6.857-9.143-12.571-18.857-17.143-29.714-11.429-1.143-85.143-9.143-85.143-17.714v-80c0-8.571 73.714-16.571 85.143-17.714 4.571-10.286 10.286-20.571 17.143-29.714-5.143-11.429-29.143-69.143-29.143-78.857 0-1.143 0.571-2.857 2.286-4 6.857-3.429 68-40 70.857-40 7.429 0 50.286 56.571 56 65.143 5.714-0.571 11.429-1.143 17.143-1.143s11.429 0.571 17.143 1.143c16-22.286 33.143-44.571 52.571-64l3.429-1.143c2.857 0 64 36 70.857 40 1.714 1.143 2.286 2.857 2.286 4 0 10.286-24 67.429-29.143 78.857 6.857 9.143 12.571 19.429 17.143 29.714 11.429 1.143 85.143 9.143 85.143 17.714z"
        ],
        "width": 1097.142857142857,
        "attrs": [],
        "isMulticolor": false,
        "isMulticolor2": false,
        "tags": [
          "cogs",
          "gears"
        ],
        "defaultCode": 61573,
        "grid": 14
      },
      "attrs": [],
      "properties": {
        "name": "cogs, gears",
        "id": 126,
        "order": 23,
        "prevSize": 28
      },
      "setIdx": 1,
      "setId": 2,
      "iconIdx": 126
    },
    {
      "icon": {
        "paths": [
          "M950.857 340.571c0-160.571-108.571-194.286-200-194.286-85.143 0-181.143 92-210.857 127.429-13.714 16.571-42.286 16.571-56 0-29.714-35.429-125.714-127.429-210.857-127.429-91.429 0-200 33.714-200 194.286 0 104.571 105.714 201.714 106.857 202.857l332 320 331.429-319.429c1.714-1.714 107.429-98.857 107.429-203.429zM1024 340.571c0 137.143-125.714 252-130.857 257.143l-356 342.857c-6.857 6.857-16 10.286-25.143 10.286s-18.286-3.429-25.143-10.286l-356.571-344c-4.571-4-130.286-118.857-130.286-256 0-167.429 102.286-267.429 273.143-267.429 100 0 193.714 78.857 238.857 123.429 45.143-44.571 138.857-123.429 238.857-123.429 170.857 0 273.143 100 273.143 267.429z"
        ],
        "width": 1024,
        "attrs": [],
        "isMulticolor": false,
        "isMulticolor2": false,
        "tags": [
          "heart-o"
        ],
        "defaultCode": 61578,
        "grid": 14
      },
      "attrs": [],
      "properties": {
        "name": "heart-o",
        "id": 131,
        "order": 28,
        "prevSize": 28
      },
      "setIdx": 1,
      "setId": 2,
      "iconIdx": 131
    },
    {
      "icon": {
        "paths": [
          "M365.714 822.857c0 16 7.429 54.857-18.286 54.857h-182.857c-90.857 0-164.571-73.714-164.571-164.571v-402.286c0-90.857 73.714-164.571 164.571-164.571h182.857c9.714 0 18.286 8.571 18.286 18.286 0 16 7.429 54.857-18.286 54.857h-182.857c-50.286 0-91.429 41.143-91.429 91.429v402.286c0 50.286 41.143 91.429 91.429 91.429h164.571c14.286 0 36.571-2.857 36.571 18.286zM896 512c0 9.714-4 18.857-10.857 25.714l-310.857 310.857c-6.857 6.857-16 10.857-25.714 10.857-20 0-36.571-16.571-36.571-36.571v-164.571h-256c-20 0-36.571-16.571-36.571-36.571v-219.429c0-20 16.571-36.571 36.571-36.571h256v-164.571c0-20 16.571-36.571 36.571-36.571 9.714 0 18.857 4 25.714 10.857l310.857 310.857c6.857 6.857 10.857 16 10.857 25.714z"
        ],
        "width": 896,
        "attrs": [],
        "isMulticolor": false,
        "isMulticolor2": false,
        "tags": [
          "sign-out"
        ],
        "defaultCode": 61579,
        "grid": 14
      },
      "attrs": [],
      "properties": {
        "name": "sign-out",
        "id": 132,
        "order": 32,
        "prevSize": 28
      },
      "setIdx": 1,
      "setId": 2,
      "iconIdx": 132
    },
    {
      "icon": {
        "paths": [
          "M731.429 841.143c0-20-16.571-36.571-36.571-36.571s-36.571 16.571-36.571 36.571 16.571 36.571 36.571 36.571 36.571-16.571 36.571-36.571zM877.714 841.143c0-20-16.571-36.571-36.571-36.571s-36.571 16.571-36.571 36.571 16.571 36.571 36.571 36.571 36.571-16.571 36.571-36.571zM950.857 713.143v182.857c0 30.286-24.571 54.857-54.857 54.857h-841.143c-30.286 0-54.857-24.571-54.857-54.857v-182.857c0-30.286 24.571-54.857 54.857-54.857h244c15.429 42.286 56 73.143 103.429 73.143h146.286c47.429 0 88-30.857 103.429-73.143h244c30.286 0 54.857 24.571 54.857 54.857zM765.143 342.857c-5.714 13.714-18.857 22.857-33.714 22.857h-146.286v256c0 20-16.571 36.571-36.571 36.571h-146.286c-20 0-36.571-16.571-36.571-36.571v-256h-146.286c-14.857 0-28-9.143-33.714-22.857-5.714-13.143-2.857-29.143 8-39.429l256-256c6.857-7.429 16.571-10.857 25.714-10.857s18.857 3.429 25.714 10.857l256 256c10.857 10.286 13.714 26.286 8 39.429z"
        ],
        "width": 950.8571428571428,
        "attrs": [],
        "isMulticolor": false,
        "isMulticolor2": false,
        "tags": [
          "upload"
        ],
        "defaultCode": 61587,
        "grid": 14
      },
      "attrs": [],
      "properties": {
        "name": "upload",
        "id": 139,
        "order": 33,
        "prevSize": 28
      },
      "setIdx": 1,
      "setId": 2,
      "iconIdx": 139
    },
    {
      "icon": {
        "paths": [
          "M338.857 512c-59.429 1.714-113.143 27.429-151.429 73.143h-76.571c-57.143 0-110.857-27.429-110.857-90.857 0-46.286-1.714-201.714 70.857-201.714 12 0 71.429 48.571 148.571 48.571 26.286 0 51.429-4.571 76-13.143-1.714 12.571-2.857 25.143-2.857 37.714 0 52 16.571 103.429 46.286 146.286zM950.857 876c0 92.571-61.143 148-152.571 148h-499.429c-91.429 0-152.571-55.429-152.571-148 0-129.143 30.286-327.429 197.714-327.429 19.429 0 90.286 79.429 204.571 79.429s185.143-79.429 204.571-79.429c167.429 0 197.714 198.286 197.714 327.429zM365.714 146.286c0 80.571-65.714 146.286-146.286 146.286s-146.286-65.714-146.286-146.286 65.714-146.286 146.286-146.286 146.286 65.714 146.286 146.286zM768 365.714c0 121.143-98.286 219.429-219.429 219.429s-219.429-98.286-219.429-219.429 98.286-219.429 219.429-219.429 219.429 98.286 219.429 219.429zM1097.143 494.286c0 63.429-53.714 90.857-110.857 90.857h-76.571c-38.286-45.714-92-71.429-151.429-73.143 29.714-42.857 46.286-94.286 46.286-146.286 0-12.571-1.143-25.143-2.857-37.714 24.571 8.571 49.714 13.143 76 13.143 77.143 0 136.571-48.571 148.571-48.571 72.571 0 70.857 155.429 70.857 201.714zM1024 146.286c0 80.571-65.714 146.286-146.286 146.286s-146.286-65.714-146.286-146.286 65.714-146.286 146.286-146.286 146.286 65.714 146.286 146.286z"
        ],
        "width": 1097.142857142857,
        "attrs": [],
        "isMulticolor": false,
        "isMulticolor2": false,
        "tags": [
          "group",
          "users"
        ],
        "defaultCode": 61632,
        "grid": 14
      },
      "attrs": [],
      "properties": {
        "name": "group, users",
        "id": 169,
        "order": 20,
        "prevSize": 28
      },
      "setIdx": 1,
      "setId": 2,
      "iconIdx": 169
    },
    {
      "icon": {
        "paths": [
          "M402.286 219.429c-178.286 0-329.143 100.571-329.143 219.429 0 62.857 42.286 123.429 115.429 165.714l55.429 32-20 48c12-6.857 24-14.286 35.429-22.286l25.143-17.714 30.286 5.714c28.571 5.143 57.714 8 87.429 8 178.286 0 329.143-100.571 329.143-219.429s-150.857-219.429-329.143-219.429zM402.286 146.286c222.286 0 402.286 130.857 402.286 292.571s-180 292.571-402.286 292.571c-34.857 0-68.571-3.429-100.571-9.143-47.429 33.714-101.143 58.286-158.857 73.143-15.429 4-32 6.857-49.143 9.143h-1.714c-8.571 0-16.571-6.857-18.286-16.571v0c-2.286-10.857 5.143-17.714 11.429-25.143 22.286-25.143 47.429-47.429 66.857-94.857-92.571-53.714-152-136.571-152-229.143 0-161.714 180-292.571 402.286-292.571zM872 814.286c19.429 47.429 44.571 69.714 66.857 94.857 6.286 7.429 13.714 14.286 11.429 25.143v0c-2.286 10.286-10.857 17.714-20 16.571-17.143-2.286-33.714-5.143-49.143-9.143-57.714-14.857-111.429-39.429-158.857-73.143-32 5.714-65.714 9.143-100.571 9.143-103.429 0-198.286-28.571-269.714-75.429 16.571 1.143 33.714 2.286 50.286 2.286 122.857 0 238.857-35.429 327.429-99.429 95.429-69.714 148-164 148-266.286 0-29.714-4.571-58.857-13.143-86.857 96.571 53.143 159.429 137.714 159.429 233.143 0 93.143-59.429 175.429-152 229.143z"
        ],
        "width": 1024,
        "attrs": [],
        "isMulticolor": false,
        "isMulticolor2": false,
        "tags": [
          "comments-o"
        ],
        "defaultCode": 61670,
        "grid": 14
      },
      "attrs": [],
      "properties": {
        "name": "comments-o",
        "id": 205,
        "order": 35,
        "prevSize": 28
      },
      "setIdx": 1,
      "setId": 2,
      "iconIdx": 205
    },
    {
      "icon": {
        "paths": [
          "M438.857 950.857h512v-365.714h-237.714c-30.286 0-54.857-24.571-54.857-54.857v-237.714h-219.429v658.286zM585.143 128v-36.571c0-9.714-8.571-18.286-18.286-18.286h-402.286c-9.714 0-18.286 8.571-18.286 18.286v36.571c0 9.714 8.571 18.286 18.286 18.286h402.286c9.714 0 18.286-8.571 18.286-18.286zM731.429 512h170.857l-170.857-170.857v170.857zM1024 585.143v384c0 30.286-24.571 54.857-54.857 54.857h-548.571c-30.286 0-54.857-24.571-54.857-54.857v-91.429h-310.857c-30.286 0-54.857-24.571-54.857-54.857v-768c0-30.286 24.571-54.857 54.857-54.857h621.714c30.286 0 54.857 24.571 54.857 54.857v187.429c7.429 4.571 14.286 9.714 20.571 16l233.143 233.143c21.714 21.714 38.857 63.429 38.857 93.714z"
        ],
        "width": 1024,
        "attrs": [],
        "isMulticolor": false,
        "isMulticolor2": false,
        "tags": [
          "clipboard",
          "paste"
        ],
        "defaultCode": 61674,
        "grid": 14
      },
      "attrs": [],
      "properties": {
        "name": "clipboard, paste",
        "id": 209,
        "order": 41,
        "prevSize": 28
      },
      "setIdx": 1,
      "setId": 2,
      "iconIdx": 209
    },
    {
      "icon": {
        "paths": [
          "M614.286 493.714c0 4.571-2.286 9.714-5.714 13.143l-266.286 266.286c-3.429 3.429-8.571 5.714-13.143 5.714s-9.714-2.286-13.143-5.714l-266.286-266.286c-3.429-3.429-5.714-8.571-5.714-13.143s2.286-9.714 5.714-13.143l28.571-28.571c3.429-3.429 8-5.714 13.143-5.714 4.571 0 9.714 2.286 13.143 5.714l224.571 224.571 224.571-224.571c3.429-3.429 8.571-5.714 13.143-5.714s9.714 2.286 13.143 5.714l28.571 28.571c3.429 3.429 5.714 8.571 5.714 13.143zM614.286 274.286c0 4.571-2.286 9.714-5.714 13.143l-266.286 266.286c-3.429 3.429-8.571 5.714-13.143 5.714s-9.714-2.286-13.143-5.714l-266.286-266.286c-3.429-3.429-5.714-8.571-5.714-13.143s2.286-9.714 5.714-13.143l28.571-28.571c3.429-3.429 8-5.714 13.143-5.714 4.571 0 9.714 2.286 13.143 5.714l224.571 224.571 224.571-224.571c3.429-3.429 8.571-5.714 13.143-5.714s9.714 2.286 13.143 5.714l28.571 28.571c3.429 3.429 5.714 8.571 5.714 13.143z"
        ],
        "width": 658.2857142857142,
        "attrs": [],
        "isMulticolor": false,
        "isMulticolor2": false,
        "tags": [
          "angle-double-down"
        ],
        "defaultCode": 61699,
        "grid": 14
      },
      "attrs": [],
      "properties": {
        "name": "angle-double-down",
        "id": 232,
        "order": 36,
        "prevSize": 28
      },
      "setIdx": 1,
      "setId": 2,
      "iconIdx": 232
    },
    {
      "icon": {
        "paths": [
          "M438.857 449.143h414.286c4 22.286 6.857 44 6.857 73.143 0 250.286-168 428.571-421.143 428.571-242.857 0-438.857-196-438.857-438.857s196-438.857 438.857-438.857c118.286 0 217.714 43.429 294.286 114.857l-119.429 114.857c-32.571-31.429-89.714-68-174.857-68-149.714 0-272 124-272 277.143s122.286 277.143 272 277.143c173.714 0 238.857-124.571 249.143-189.143h-249.143v-150.857z"
        ],
        "width": 860.0137142857142,
        "attrs": [],
        "isMulticolor": false,
        "isMulticolor2": false,
        "tags": [
          "google"
        ],
        "defaultCode": 61856,
        "grid": 14
      },
      "attrs": [],
      "properties": {
        "name": "google",
        "id": 376,
        "order": 42,
        "prevSize": 28
      },
      "setIdx": 1,
      "setId": 2,
      "iconIdx": 376
    },
    {
      "icon": {
        "paths": [
          "M1008 6.286c12 8.571 17.714 22.286 15.429 36.571l-146.286 877.714c-1.714 10.857-8.571 20-18.286 25.714-5.143 2.857-11.429 4.571-17.714 4.571-4.571 0-9.143-1.143-13.714-2.857l-258.857-105.714-138.286 168.571c-6.857 8.571-17.143 13.143-28 13.143-4 0-8.571-0.571-12.571-2.286-14.286-5.143-24-18.857-24-34.286v-199.429l493.714-605.143-610.857 528.571-225.714-92.571c-13.143-5.143-21.714-17.143-22.857-31.429-0.571-13.714 6.286-26.857 18.286-33.714l950.857-548.571c5.714-3.429 12-5.143 18.286-5.143 7.429 0 14.857 2.286 20.571 6.286z"
        ],
        "width": 1025.1702857142857,
        "attrs": [],
        "isMulticolor": false,
        "isMulticolor2": false,
        "tags": [
          "paper-plane",
          "send"
        ],
        "defaultCode": 61912,
        "grid": 14
      },
      "attrs": [],
      "properties": {
        "name": "paper-plane, send",
        "id": 429,
        "order": 21,
        "prevSize": 28
      },
      "setIdx": 1,
      "setId": 2,
      "iconIdx": 429
    },
    {
      "icon": {
        "paths": [
          "M1024 429.256c0-200.926-58.792-363.938-131.482-365.226 0.292-0.006 0.578-0.030 0.872-0.030h-82.942c0 0-194.8 146.336-475.23 203.754-8.56 45.292-14.030 99.274-14.030 161.502s5.466 116.208 14.030 161.5c280.428 57.418 475.23 203.756 475.23 203.756h82.942c-0.292 0-0.578-0.024-0.872-0.032 72.696-1.288 131.482-164.298 131.482-365.224zM864.824 739.252c-9.382 0-19.532-9.742-24.746-15.548-12.63-14.064-24.792-35.96-35.188-63.328-23.256-61.232-36.066-143.31-36.066-231.124 0-87.81 12.81-169.89 36.066-231.122 10.394-27.368 22.562-49.266 35.188-63.328 5.214-5.812 15.364-15.552 24.746-15.552 9.38 0 19.536 9.744 24.744 15.552 12.634 14.064 24.796 35.958 35.188 63.328 23.258 61.23 36.068 143.312 36.068 231.122 0 87.804-12.81 169.888-36.068 231.124-10.39 27.368-22.562 49.264-35.188 63.328-5.208 5.806-15.36 15.548-24.744 15.548zM251.812 429.256c0-51.95 3.81-102.43 11.052-149.094-47.372 6.554-88.942 10.324-140.34 10.324-67.058 0-67.058 0-67.058 0l-55.466 94.686v88.17l55.46 94.686c0 0 0 0 67.060 0 51.398 0 92.968 3.774 140.34 10.324-7.236-46.664-11.048-97.146-11.048-149.096zM368.15 642.172l-127.998-24.51 81.842 321.544c4.236 16.634 20.744 25.038 36.686 18.654l118.556-47.452c15.944-6.376 22.328-23.964 14.196-39.084l-123.282-229.152zM864.824 548.73c-3.618 0-7.528-3.754-9.538-5.992-4.87-5.42-9.556-13.86-13.562-24.408-8.962-23.6-13.9-55.234-13.9-89.078s4.938-65.478 13.9-89.078c4.006-10.548 8.696-18.988 13.562-24.408 2.010-2.24 5.92-5.994 9.538-5.994 3.616 0 7.53 3.756 9.538 5.994 4.87 5.42 9.556 13.858 13.56 24.408 8.964 23.598 13.902 55.234 13.902 89.078 0 33.842-4.938 65.478-13.902 89.078-4.004 10.548-8.696 18.988-13.56 24.408-2.008 2.238-5.92 5.992-9.538 5.992z"
        ],
        "tags": [
          "bullhorn",
          "megaphone",
          "announcement",
          "advertisement",
          "news"
        ],
        "defaultCode": 59674,
        "grid": 16,
        "attrs": []
      },
      "attrs": [],
      "properties": {
        "ligatures": "bullhorn, megaphone",
        "name": "bullhorn",
        "order": 31,
        "id": 27,
        "prevSize": 32
      },
      "setIdx": 2,
      "setId": 1,
      "iconIdx": 26
    },
    {
      "icon": {
        "paths": [
          "M512 1024c282.77 0 512-229.23 512-512s-229.23-512-512-512-512 229.23-512 512 229.23 512 512 512zM512 96c229.75 0 416 186.25 416 416s-186.25 416-416 416-416-186.25-416-416 186.25-416 416-416zM512 598.76c115.95 0 226.23-30.806 320-84.92-14.574 178.438-153.128 318.16-320 318.16-166.868 0-305.422-139.872-320-318.304 93.77 54.112 204.050 85.064 320 85.064zM256 352c0-53.019 28.654-96 64-96s64 42.981 64 96c0 53.019-28.654 96-64 96s-64-42.981-64-96zM640 352c0-53.019 28.654-96 64-96s64 42.981 64 96c0 53.019-28.654 96-64 96s-64-42.981-64-96z"
        ],
        "tags": [
          "happy",
          "emoticon",
          "smiley",
          "face"
        ],
        "defaultCode": 59871,
        "grid": 16,
        "attrs": []
      },
      "attrs": [],
      "properties": {
        "ligatures": "happy, emoticon",
        "name": "happy",
        "order": 22,
        "id": 224,
        "prevSize": 32
      },
      "setIdx": 2,
      "setId": 1,
      "iconIdx": 223
    },
    {
      "icon": {
        "paths": [
          "M128 320h640v192l256-256-256-256v192h-768v384h128zM896 704h-640v-192l-256 256 256 256v-192h768v-384h-128z"
        ],
        "tags": [
          "loop",
          "repeat",
          "player"
        ],
        "defaultCode": 59949,
        "grid": 16,
        "attrs": []
      },
      "attrs": [],
      "properties": {
        "ligatures": "loop, repeat",
        "name": "loop",
        "order": 44,
        "id": 302,
        "prevSize": 32
      },
      "setIdx": 2,
      "setId": 1,
      "iconIdx": 301
    }
  ],
  "height": 1024,
  "preferences": {
    "showGlyphs": true,
    "showQuickUse": true,
    "showQuickUse2": true,
    "showSVGs": true,
    "fontPref": {
      "prefix": "icon-",
      "metadata": {
        "fontFamily": "icomoon"
      },
      "metrics": {
        "emSize": 1024,
        "baseline": 6.25,
        "whitespace": 50
      },
      "embed": false,
      "autoHost": true
    },
    "imagePref": {
      "prefix": "icon-",
      "png": true,
      "useClassSelector": true,
      "color": 0,
      "bgColor": 16777215,
      "classSelector": ".icon",
      "name": "icomoon",
      "autoHost": true
    },
    "historySize": 50,
    "showCodes": true,
    "gridSize": 16,
    "quickUsageToken": {
      "UntitledProject": "NGYwMTI2ZTA0MmJlMGE5ODRmMGNiMDk4OGUzOTQxNWMjMSMxNjU5MjYyNjkzIyMjM2YxNTE0MGY0OTU1"
    }
  }
}